[
	{
		"address_line1": "3606 Cookie Plaza",
		"address_title": "Andromeda Fruit Market - Concord",
		"address_type": "Shipping",
		"city": "Concord",
		"country": "United States",
		"links": [
			{
				"link_doctype": "Customer",
				"link_name": "Andromeda Fruit Market"
			}
		],
		"name": "Andromeda Fruit Market - Concord-Shipping",
		"pincode": "03301",
		"state": "NH"
	},
	{
		"address_line1": "920 Meade St",
		"address_title": "Betelgeuse Bakery Suppliers - Bow",
		"address_type": "Shipping",
		"city": "Bow",
		"country": "United States",
		"links": [
			{
				"link_doctype": "Customer",
				"link_name": "Betelgeuse Bakery Suppliers"
			}
		],
		"name": "Betelgeuse Bakery Suppliers - Bow-Shipping",
		"pincode": "03304",
		"state": "NH"
	},
	{
		"address_line1": "29 Navi Avenue",
		"address_title": "Cassiopeia Restaurant Group - Salem",
		"address_type": "Shipping",
		"city": "Salem",
		"country": "United States",
		"links": [
			{
				"link_doctype": "Customer",
				"link_name": "Cassiopeia Restaurant Group"
			}
		],
		"name": "Cassiopeia Restaurant Group - Salem-Shipping",
		"pincode": "01970",
		"state": "MA"
	},
	{
		"address_line1": "680 Rotanev Rotary",
		"address_title": "Delphinus Food Distributors - Rockport",
		"address_type": "Shipping",
		"city": "Rockport",
		"country": "United States",
		"links": [
			{
				"link_doctype": "Customer",
				"link_name": "Delphinus Food Distributors"
			}
		],
		"name": "Delphinus Food Distributors - Rockport-Shipping",
		"pincode": "01966",
		"state": "MA"
	},
	{
		"address_line1": "80 Alnair Circle",
		"address_title": "Grus Goodies - Quincy",
		"address_type": "Shipping",
		"city": "Quincy",
		"country": "United States",
		"links": [
			{
				"link_doctype": "Customer",
				"link_name": "Grus Goodies"
			}
		],
		"name": "Grus Goodies - Quincy-Shipping",
		"pincode": "02169",
		"state": "MA"
	},
	{
		"address_line1": "530 Ankaa Blvd",
		"address_title": "Phoenix Fruit, Ltd - Braintree",
		"address_type": "Shipping",
		"city": "Braintree",
		"country": "United States",
		"links": [
			{
				"link_doctype": "Customer",
				"link_name": "Phoenix Fruit, Ltd"
			}
		],
		"name": "Phoenix Fruit, Ltd - Braintree-Shipping",
		"pincode": "02184",
		"state": "MA"
	},
	{
		"address_line1": "444 Rue d'Alphard",
		"address_title": "Hydra Produce Co - Montreal",
		"address_type": "Shipping",
		"city": "Montreal",
		"country": "Canada",
		"links": [
			{
				"link_doctype": "Customer",
				"link_name": "Hydra Produce Co"
			}
		],
		"name": "Hydra Produce Co - Montreal-Shipping",
		"pincode": "H1Y3A4",
		"state": "Quebec"
	},
	{
		"address_line1": "67C Sweeny Street",
		"address_title": "Ambrosia Pie Company",
		"address_type": "Office",
		"city": "Chelsea",
		"country": "United States",
		"is_your_company_address": 1,
		"links": [
			{
				"link_doctype": "Company",
				"link_name": "Ambrosia Pie Company"
			},
			{
				"link_doctype": "Supplier",
				"link_name": "Chelsea Fruit Co"
			}
		],
		"pincode": "89077",
		"state": "MA"
	},
	{
		"address_line1": "16 Margrave",
		"address_title": "Freedom Provisions - Carlisle",
		"address_type": "Billing",
		"city": "Carlisle",
		"country": "United States",
		"is_your_company_address": 0,
		"links": [
			{
				"link_doctype": "Supplier",
				"link_name": "Freedom Provisions"
			}
		],
		"pincode": "57173",
		"state": "NH"
	},
	{
		"address_line1": "34 Pinar St",
		"address_title": "Unity Bakery Supply - Unity",
		"address_type": "Billing",
		"city": "Unity",
		"country": "United States",
		"is_your_company_address": 0,
		"links": [
			{
				"link_doctype": "Supplier",
				"link_name": "Unity Bakery Supply"
			}
		],
		"pincode": "34291",
		"state": "RI"
	},
	{
		"address_line1": "4 Crumb Circle",
		"address_title": "Credible Contract Baking - Belmont",
		"address_type": "Billing",
		"city": "Belmont",
		"country": "United States",
		"is_your_company_address": 0,
		"links": [
			{
				"link_doctype": "Supplier",
				"link_name": "Credible Contract Baking"
			}
		],
		"pincode": "89074",
		"state": "MA"
	},
	{
		"address_line1": "10001 Pineapple Way",
		"address_title": "Southern Fruit Supply - Largo",
		"address_type": "Billing",
		"city": "Largo",
		"country": "United States",
		"is_your_company_address": 0,
		"links": [
			{
				"link_doctype": "Supplier",
				"link_name": "Southern Fruit Supply"
			}
		],
		"pincode": "89574",
		"state": "TX"
	},
	{
		"address_line1": "2 Cosmo Point",
		"address_title": "Exceptional Grid - Summerville",
		"address_type": "Billing",
		"city": "Summerville",
		"country": "United States",
		"is_your_company_address": 0,
		"links": [
			{
				"link_doctype": "Supplier",
				"link_name": "Exceptional Grid",
				"link_title": "Exceptional Grid"
			}
		],
		"pincode": "34791",
		"state": "MA"
	},
	{
		"address_line1": "138 Wanda Square",
		"address_title": "Liu & Loewen Accountants LLP - Chino",
		"address_type": "Billing",
		"city": "Chino",
		"country": "United States",
		"is_your_company_address": 0,
		"links": [
			{
				"link_doctype": "Supplier",
				"link_name": "Liu & Loewen Accountants LLP",
				"link_title": "Liu & Loewen Accountants LLP"
			}
		],
		"pincode": "90953",
		"state": "ME"
	},
	{
		"address_line1": "1000 Toll Plaza Tunnel Alley",
		"address_title": "Mare Digitalis - Joplin",
		"address_type": "Billing",
		"city": "Joplin",
		"country": "United States",
		"is_your_company_address": 0,
		"links": [
			{
				"link_doctype": "Supplier",
				"link_name": "Mare Digitalis",
				"link_title": "Mare Digitalis"
			}
		],
		"pincode": "51485",
		"state": "CT"
	},
	{
		"address_line1": "1293 Bannan Road",
		"address_title": "AgriTheory - New Brighton",
		"address_type": "Billing",
		"city": "New Brighton",
		"country": "United States",
		"is_your_company_address": 0,
		"links": [
			{
				"link_doctype": "Supplier",
				"link_name": "AgriTheory",
				"link_title": "AgriTheory"
			}
		],
		"pincode": "55932",
		"state": "NH"
	},
	{
		"address_line1": "955 Winding Highway",
		"address_title": "HIJ Telecom, Inc - Glassboro",
		"address_type": "Billing",
		"city": "Glassboro",
		"country": "United States",
		"is_your_company_address": 0,
		"links": [
			{
				"link_doctype": "Supplier",
				"link_name": "HIJ Telecom, Inc",
				"link_title": "HIJ Telecom, Inc"
			}
		],
		"pincode": "28026",
		"state": "NY"
	},
	{
		"address_line1": "1198 Carpenter Road",
		"address_title": "Sphere Cellular - Rolla",
		"address_type": "Billing",
		"city": "Rolla",
		"country": "United States",
		"is_your_company_address": 0,
		"links": [
			{
				"link_doctype": "Supplier",
				"link_name": "Sphere Cellular",
				"link_title": "Sphere Cellular"
			}
		],
		"pincode": "94286",
		"state": "VT"
	},
	{
		"address_line1": "629 Loyola Landing",
		"address_title": "Cooperative Ag Finance - Warner Robins",
		"address_type": "Billing",
		"city": "Warner Robins",
		"country": "United States",
		"is_your_company_address": 0,
		"links": [
			{
				"link_doctype": "Supplier",
				"link_name": "Cooperative Ag Finance",
				"link_title": "Cooperative Ag Finance"
			}
		],
		"pincode": "28989",
		"state": "CT"
	},
	{
		"address_line1": "385 Crespi Road",
		"address_title": "Tireless Equipment Rental, Inc - Garfield",
		"address_type": "Billing",
		"city": "Garfield",
		"country": "United States",
		"is_your_company_address": 0,
		"links": [
			{
				"link_doctype": "Supplier",
				"link_name": "Tireless Equipment Rental, Inc",
				"link_title": "Tireless Equipment Rental, Inc"
			}
		],
		"pincode": "28327",
		"state": "VT"
	},
	{
		"address_line1": "18 Spooner Stravenue",
		"address_title": "Local Tax Authority - Danbury",
		"address_type": "Billing",
		"city": "Danbury",
		"country": "United States",
		"is_your_company_address": 0,
		"links": [
			{
				"link_doctype": "Supplier",
				"link_name": "Local Tax Authority",
				"link_title": "Local Tax Authority"
			}
		],
		"pincode": "07165",
		"state": "RI"
	},
	{
		"address_line1": "167 Auto Terrace",
		"address_title": "HIJ Telecom - Burlingame",
		"address_type": "Billing",
		"city": "Burlingame",
		"country": "United States",
		"is_your_company_address": 0,
		"links": [
			{
				"link_doctype": "Supplier",
				"link_name": "HIJ Telecom, Inc",
				"link_title": "HIJ Telecom, Inc"
			}
		],
		"pincode": "79749",
		"state": "ME"
	}
]